Workbook

Sheet Resumo
A1: Uma ve
A2: Primeirameramente encontrei artigos no Google Acadêmico. Critérios R1 até R4 foram aplicados (estes critérios estão detalhados na aba Legenda). Na sequência, os artigos foram classificados em grupos de relevância para o meu trabalho. Na aba Metadados, estão todos os documentos que reuní em uma biblioteca do Zotero que contém as ifromações sobre os artigos assim como os PDFs dos textos (os de acesso livre).
A4: Métrica | B4: Valor | C4: Como interpretar
A5: Total de registros | B5: =COUNTA(Triagem_de_docs!A:A)-3 -> 21 | C5: Todos os itens da Biblioteca
A6: Prioridade alta | B6: =COUNTIF(Triagem_de_docs!J:J,"Alta") -> 15 | C6: Utilizável no texto do trabalho
A7: Prioridade média | B7: =COUNTIF(Triagem_de_docs!J:J,"Média") -> 1 | C7: Apoio analítico/comparativo
A8: Prioridade baixa | B8: =COUNTIF(Triagem_de_docs!J:J,"Baixa") -> 5 | C8: Periféricos ao recorte
A9: Cadastros a conferir | B9: =COUNTIF(Triagem_de_docs!L:L,"Sim") -> 9 | C9: Registros web/proxy ou metadados incompletos
A11: Distribuição por R3
A12: Categoria R3 | B12: Qtd. | C12: Leitura
A13: Plataformas / instalações offshore | B13: =COUNTIF(Triagem_de_docs!G:G,"Plataformas / instalações offshore") -> 5 | C13: Itens centrados em plataformas/instalações
A14: Ativos subsea | B14: =COUNTIF(Triagem_de_docs!G:G,"Ativos subsea") -> 6 | C14: Itens de equipamentos/ativos submarinos
A15: Pipelines / flowlines | B15: =COUNTIF(Triagem_de_docs!G:G,"Pipelines / flowlines") -> 4 | C15: Itens de dutos/flowlines
A16: Geral offshore | B16: =COUNTIF(Triagem_de_docs!G:G,"Geral offshore") -> 4 | C16: Itens amplos, sem foco técnico único
A17: Navios / embarcações | B17: =COUNTIF(Triagem_de_docs!G:G,"Navios / embarcações") -> 2 | C17: Temas adjacentes, mais periféricos ao recorte
A19: Limitação | B19: Como a base foi o arquivo .ris, alguns itens ainda exigem conferência manual de autores, ano, veículo e DOI.

Sheet Triagem_de_docs
A1: Triagem clara — visão rápida
A2: Planilha resumida para leitura e priorização.
A4: ID RIS | B4: Referência curta | C4: Título | D4: Ano | E4: R1 | F4: R2 | G4: R3 | H4: R4 | I4: Geografia | J4: Revelvância | K4: Consideração principal | L4: Conferir cadastro? | M4: DOI / URL
A5: 18 | B5: Marchetti et al. (2025) | C5: Energy Implications and Environmental Analysis of Oil Rigs Decommissioning Options Using LCA Methodology | D5: 2025 | E5: 3 | F5: Artigo | G5: Plataformas / instalações offshore | H5: M | I5: Internacional / não explícito | J5: =IF(E5=3,"Alta",IF(E5=2,"Média","Baixa")) -> Alta | K5: Bom para trade-offs energéticos e ambientais. | L5: =IF(OR(M5="",F5="Recurso web / metadado incompleto"),"Sim","Não") -> Não | M5: https://doi.org/10.3390/en18133372
A6: 19 | B6: Zawawi et al. (2023) | C6: Environmental Sustainability and Efficiency of Offshore Platform Decommissioning: A Review | D6: 2023 | E6: 3 | F6: Revisão | G6: Ativos subsea | H6: EA / CT | I6: Malásia | J6: =IF(E6=3,"Alta",IF(E6=2,"Média","Baixa")) -> Alta | K6: Ajuda bastante na parte de ativos subsea. | L6: =IF(OR(M6="",F6="Recurso web / metadado incompleto"),"Sim","Não") -> Não | M6: https://doi.org/10.3390/su151712757
A7: 20 | B7: Efthymiou (2022) | C7: Decommissioning of Offshore Oil and Gas Installations | D7: 2022 | E7: 3 | F7: Capítulo | G7: Plataformas / instalações offshore | H7: D / CT | I7: Internacional / não explícito | J7: =IF(E7=3,"Alta",IF(E7=2,"Média","Baixa")) -> Alta | K7: Item de apoio útil; a utilidade exata depende da profundidade que você der ao tema no capítulo. | L7: =IF(OR(M7="",F7="Recurso web / metadado incompleto"),"Sim","Não") -> Não | M7: https://link.springer.com/rwe/10.1007/978-981-10-6946-8_230
A8: 6 | B8: Frontiers | Benthic Conservation Features and S... | C8: Frontiers | Benthic Conservation Features and Species Associated With Subsea Pipelines: Considerations for Decommissioning | D8: 2019 | E8: 3 | F8: Recurso web / metadado incompleto | G8: Pipelines / flowlines | H8: EA / CT | I8: Internacional / não explícito | J8: =IF(E8=3,"Alta",IF(E8=2,"Média","Baixa")) -> Alta | K8: Relevante para dutos/flowlines e opções leave-in-situ versus remoção. | L8: =IF(OR(M8="",F8="Recurso web / metadado incompleto"),"Sim","Não") -> Sim | M8: https://www.frontiersin.org/journals/marine-science/articles/10.3389/fmars.2019.00200/full
A9: 14 | B9: Rouse et al. (2018) | C9: Offshore pipeline decommissioning: Scale and context | D9: 2018 | E9: 3 | F9: Artigo | G9: Pipelines / flowlines | H9: EA / CT | I9: Mar do Norte | J9: =IF(E9=3,"Alta",IF(E9=2,"Média","Baixa")) -> Alta | K9: Bom para comparação com o Mar do Norte. | L9: =IF(OR(M9="",F9="Recurso web / metadado incompleto"),"Sim","Não") -> Não | M9: https://doi.org/10.1016/j.marpolbul.2018.02.041
A10: 7 | B10: Yellice & ULiège > (2018) | C10: Towards a Decision Tool for Decommissioning of Sub Sea Assets of Oil-Gas Platforms in Brazil | D10: 2018 | E10: 3 | F10: Tese / dissertação | G10: Ativos subsea | H10: CR / D | I10: Brasil | J10: =IF(E10=3,"Alta",IF(E10=2,"Média","Baixa")) -> Alta | K10: Muito útil para o contexto brasileiro. | L10: =IF(OR(M10="",F10="Recurso web / metadado incompleto"),"Sim","Não") -> Não | M10: https://matheo.uliege.be/handle/2268.2/6081
A11: 13 | B11: Manouchehri (2017) | C11: Subsea Pipelines and Flowlines Decommissioning: What We Should Know for a Rational Approach | D11: 2017 | E11: 3 | F11: Conferência | G11: Pipelines / flowlines | H11: CR / D | I11: Internacional / não explícito | J11: =IF(E11=3,"Alta",IF(E11=2,"Média","Baixa")) -> Alta | K11: Relevante para dutos/flowlines e opções leave-in-situ versus remoção. | L11: =IF(OR(M11="",F11="Recurso web / metadado incompleto"),"Sim","Não") -> Não | M11: https://doi.org/10.1115/OMAE2017-61239
A12: 17 | B12: Decommissioning Pipelines and Subsea Equipment:... | C12: Decommissioning Pipelines and Subsea Equipment: Legislative Issue...: Ingenta Connect | D12: 2002 | E12: 3 | F12: Recurso web / metadado incompleto | G12: Pipelines / flowlines | H12: CR / D | I12: Internacional / não explícito | J12: =IF(E12=3,"Alta",IF(E12=2,"Média","Baixa")) -> Alta | K12: Relevante para dutos/flowlines e opções leave-in-situ versus remoção. | L12: =IF(OR(M12="",F12="Recurso web / metadado incompleto"),"Sim","Não") -> Sim | M12: https://www.ingentaconnect.com/content/sut/unwt/2002/00000025/00000002/art00012
A13: 11 | B13: Ruivo (2001) | C13: Descomissionamento de sistemas de produção offshore | D13: 2001 | E13: 3 | F13: Dissertação / relatório | G13: Geral offshore | H13: CT | I13: Internacional / não explícito | J13: =IF(E13=3,"Alta",IF(E13=2,"Média","Baixa")) -> Alta | K13: Item de apoio útil; a utilidade exata depende da profundidade que você der ao tema no capítulo. | L13: =IF(OR(M13="",F13="Recurso web / metadado incompleto"),"Sim","Não") -> Não | M13: http://repositorio.unicamp.br/acervo/detalhe/225364
A14: 16 | B14: A New Multi-Criteria Decision-Making Tool for S... | C14: A New Multi-Criteria Decision-Making Tool for Subsea Oil and Gas Asset Decommissioning | J. Offshore Mech. Arct. Eng. | ASME Digital Collection | E14: 3 | F14: Recurso web / metadado incompleto | G14: Ativos subsea | H14: M | I14: Internacional / não explícito | J14: =IF(E14=3,"Alta",IF(E14=2,"Média","Baixa")) -> Alta | K14: Ajuda bastante na parte de ativos subsea. | L14: =IF(OR(M14="",F14="Recurso web / metadado incompleto"),"Sim","Não") -> Sim | M14: https://asmedigitalcollection.asme.org/offshoremechanics/article-abstract/147/5/051401/1210902/A-New-Multi-Criteria-Decision-Making-Tool-for
A15: 10 | B15: ANALYSING THE LEGAL AND REGULATORY FRAMEWORK FO... | C15: ANALYSING THE LEGAL AND REGULATORY FRAMEWORK FOR DECOMMISSIONING OFFSHORE PLATFORMS: A COMPARISON BETWEEN BRAZIL (BR) AND THE UNITED KINGDOM (UK) - ProQuest | E15: 3 | F15: Recurso web / metadado incompleto | G15: Plataformas / instalações offshore | H15: CR / D | I15: Brasil | J15: =IF(E15=3,"Alta",IF(E15=2,"Média","Baixa")) -> Alta | K15: Muito útil para o contexto brasileiro. | L15: =IF(OR(M15="",F15="Recurso web / metadado incompleto"),"Sim","Não") -> Sim | M15: https://www.proquest.com/openview/d23ebf3711d4d75a601eda81955810a1/1?pq-origsite=gscholar&cbl=2031968
A16: 9 | B16: Decommissioning of Subsea Facilities | Springer... | C16: Decommissioning of Subsea Facilities | Springer Nature Link | E16: 3 | F16: Recurso web / metadado incompleto | G16: Ativos subsea | H16: CT | I16: Internacional / não explícito | J16: =IF(E16=3,"Alta",IF(E16=2,"Média","Baixa")) -> Alta | K16: Ajuda bastante na parte de ativos subsea. | L16: =IF(OR(M16="",F16="Recurso web / metadado incompleto"),"Sim","Não") -> Sim | M16: https://link.springer.com/rwe/10.1007/978-981-10-6946-8_169
A17: 8 | B17: Enhancing Sustainability Using Multi-Criteria D... | C17: Enhancing Sustainability Using Multi-Criteria Decision Making in Subsea Decommissioning | OTC Offshore Technology Conference | OnePetro | E17: 3 | F17: Recurso web / metadado incompleto | G17: Ativos subsea | H17: M | I17: Internacional / não explícito | J17: =IF(E17=3,"Alta",IF(E17=2,"Média","Baixa")) -> Alta | K17: Ajuda bastante na parte de ativos subsea. | L17: =IF(OR(M17="",F17="Recurso web / metadado incompleto"),"Sim","Não") -> Sim | M17: https://onepetro.org/OTCONF/proceedings-abstract/24OTC/3-24OTC/D031S039R001/544853
A18: 15 | B18: Market Dynamics and Opportunities in Decommissi... | C18: Market Dynamics and Opportunities in Decommissioning in Brazil | Offshore Technology Conference Brasil | OnePetro | E18: 3 | F18: Recurso web / metadado incompleto | G18: Geral offshore | H18: CT | I18: Brasil | J18: =IF(E18=3,"Alta",IF(E18=2,"Média","Baixa")) -> Alta | K18: Muito útil para o contexto brasileiro. | L18: =IF(OR(M18="",F18="Recurso web / metadado incompleto"),"Sim","Não") -> Sim | M18: https://onepetro.org/OTCBRASIL/proceedings-abstract/25OTCB/25OTCB/792308
A19: 21 | B19: Ruivo & Morooka | C19: DISCUSSING DECOMMISSIONING OFFSHORE PRODUCTION INSTALLATIONS | E19: 3 | F19: Conferência | G19: Plataformas / instalações offshore | H19: EA / CT | I19: Brasil | J19: =IF(E19=3,"Alta",IF(E19=2,"Média","Baixa")) -> Alta | K19: Muito útil para o contexto brasileiro. | L19: =IF(OR(M19="",F19="Recurso web / metadado incompleto"),"Sim","Não") -> Não | M19: https://dx.doi.org/
A20: 5 | B20: Fam et al. (2021) | C20: Data learning and expert judgment in a Bayesian belief network for aiding human reliability assessment in offshore decommissioning risk assessment | D20: 2021 | E20: 2 | F20: Artigo | G20: Geral offshore | H20: M | I20: Internacional / não explícito | J20: =IF(E20=3,"Alta",IF(E20=2,"Média","Baixa")) -> Média | K20: Pode apoiar discussão de risco e confiabilidade humana. | L20: =IF(OR(M20="",F20="Recurso web / metadado incompleto"),"Sim","Não") -> Não | M20: https://doi.org/10.1016/j.joes.2020.09.001
A21: 4 | B21: Du et al. (2018) | C21: Hazardous materials analysis and disposal procedures during ship recycling | D21: 2018 | E21: 1 | F21: Artigo | G21: Navios / embarcações | H21: EA / CT | I21: Internacional / não explícito | J21: =IF(E21=3,"Alta",IF(E21=2,"Média","Baixa")) -> Baixa | K21: Use só como analogia de reciclagem/HSE, não como eixo do capítulo. | L21: =IF(OR(M21="",F21="Recurso web / metadado incompleto"),"Sim","Não") -> Não | M21: https://doi.org/10.1016/j.resconrec.2018.01.006
A22: 3 | B22: Hiremath et al. (2016) | C22: Development of ship-specific recycling plan to improve health safety and environment in ship recycling yards | D22: 2016 | E22: 1 | F22: Artigo | G22: Navios / embarcações | H22: CR / D | I22: Índia | J22: =IF(E22=3,"Alta",IF(E22=2,"Média","Baixa")) -> Baixa | K22: Bom candidato para comparação regulatória. | L22: =IF(OR(M22="",F22="Recurso web / metadado incompleto"),"Sim","Não") -> Não | M22: https://doi.org/10.1016/j.jclepro.2016.01.006
A23: 2 | B23: Discussing decommissioning Offshore Production ... | C23: Discussing decommissioning Offshore Production Installations - Google Acadêmico | E23: 1 | F23: Recurso web / metadado incompleto | G23: Plataformas / instalações offshore | H23: CT | I23: Internacional / não explícito | J23: =IF(E23=3,"Alta",IF(E23=2,"Média","Baixa")) -> Baixa | K23: Cadastro do RIS incompleto; convém completar autores, ano e veículo antes da versão final. | L23: =IF(OR(M23="",F23="Recurso web / metadado incompleto"),"Sim","Não") -> Sim | M23: https://scholar.google.com/scholar?start=30&q=Discussing+decommissioning+Offshore+Production+Installations&hl=pt-BR&as_sdt=0,5&scilib=1
A24: 1 | B24: Passos & de Aguiar | C24: Decarbonization in Offshore Services: A Study on Efficiency and Emissions Reduction | E24: 1 | F24: Conferência | G24: Ativos subsea | H24: EA / CT | I24: Brasil | J24: =IF(E24=3,"Alta",IF(E24=2,"Média","Baixa")) -> Baixa | K24: Muito útil para o contexto brasileiro. | L24: =IF(OR(M24="",F24="Recurso web / metadado incompleto"),"Sim","Não") -> Não | M24: https://dx.doi.org/10.4043/35367-MS
A25: 12 | B25: Terminal RI - Sophia Biblioteca Web | C25: Terminal RI - Sophia Biblioteca Web | E25: 1 | F25: Recurso web / metadado incompleto | G25: Geral offshore | H25: CT | I25: Internacional / não explícito | J25: =IF(E25=3,"Alta",IF(E25=2,"Média","Baixa")) -> Baixa | K25: Cadastro do RIS incompleto; convém completar autores, ano e veículo antes da versão final. | L25: =IF(OR(M25="",F25="Recurso web / metadado incompleto"),"Sim","Não") -> Sim | M25: http://repositorio.unicamp.br/acervo/detalhe/225364

Sheet Metadados
A1: Metadados detalhados do RIS*
A2: Aba completa, mas reorganizada em uma ordem mais intuitiva: identificação da referência, critérios R1–R4 e observações.
A4: ID RIS | B4: Tipo RIS | C4: Ano | D4: Referência curta | E4: Título | F4: Autores | G4: Fonte / veículo | H4: DOI / URL | I4: Geografia | J4: R1 | K4: R1 — justificativa | L4: R2 | M4: R3 | N4: R4 | O4: Considerações | P4: Conferir cadastro? | Q4: Prioridade
A5: 1 | B5: CONF | D5: Passos & de Aguiar | E5: Decarbonization in Offshore Services: A Study on Efficiency and Emissions Reduction | F5: Passos, R. B.; de Aguiar, R. B. | G5: onepetro.org | H5: https://dx.doi.org/10.4043/35367-MS | I5: Brasil | J5: 1 | K5: Tema adjacente; não trata do núcleo do descomissionamento offshore de plataformas/subsea/pipelines. | L5: Conferência | M5: Ativos subsea | N5: EA / CT | O5: Muito útil para o contexto brasileiro. Ajuda bastante na parte de ativos subsea. Serve como porta de entrada do estado da arte. | P5: =IF(OR(B5="ELEC",H5=""),"Sim","Não") -> Não | Q5: =IF(J5=3,"Alta",IF(J5=2,"Média","Baixa")) -> Baixa
A6: 2 | B6: ELEC | D6: Discussing decommissioning Offshore Production ... | E6: Discussing decommissioning Offshore Production Installations - Google Acadêmico | H6: https://scholar.google.com/scholar?start=30&q=Discussing+decommissioning+Offshore+Production+Installations&hl=pt-BR&as_sdt=0,5&scilib=1 | I6: Internacional / não explícito | J6: 1 | K6: Entrada do RIS parece ser um resultado do Google Scholar, não a referência bibliográfica final. | L6: Recurso web / metadado incompleto | M6: Plataformas / instalações offshore | N6: CT | O6: Cadastro do RIS incompleto; convém completar autores, ano e veículo antes da versão final. Este item parece ser apenas página intermediária/resultado de busca. | P6: =IF(OR(B6="ELEC",H6=""),"Sim","Não") -> Sim | Q6: =IF(J6=3,"Alta",IF(J6=2,"Média","Baixa")) -> Baixa
A7: 3 | B7: JOUR | C7: 2016 | D7: Hiremath et al. (2016) | E7: Development of ship-specific recycling plan to improve health safety and environment in ship recycling yards | F7: Hiremath, Anand M.; Pandey, Sachin Kumar; Asolekar, Shyam R. | G7: Journal of Cleaner Production | H7: https://doi.org/10.1016/j.jclepro.2016.01.006 | I7: Índia | J7: 1 | K7: Tema adjacente; não trata do núcleo do descomissionamento offshore de plataformas/subsea/pipelines. | L7: Artigo | M7: Navios / embarcações | N7: CR / D | O7: Bom candidato para comparação regulatória. Pode apoiar discussão de risco e confiabilidade humana. Use só como analogia de reciclagem/HSE, não como eixo do capítulo. | P7: =IF(OR(B7="ELEC",H7=""),"Sim","Não") -> Não | Q7: =IF(J7=3,"Alta",IF(J7=2,"Média","Baixa")) -> Baixa
A8: 4 | B8: JOUR | C8: 2018 | D8: Du et al. (2018) | E8: Hazardous materials analysis and disposal procedures during ship recycling | F8: Du, Zunfeng; Zhang, Sen; Zhou, Qingji; Yuen, Kum Fai; Wong, Yiik Diew | G8: Resources, Conservation and Recycling | H8: https://doi.org/10.1016/j.resconrec.2018.01.006 | I8: Internacional / não explícito | J8: 1 | K8: Tema adjacente; não trata do núcleo do descomissionamento offshore de plataformas/subsea/pipelines. | L8: Artigo | M8: Navios / embarcações | N8: EA / CT | O8: Use só como analogia de reciclagem/HSE, não como eixo do capítulo. | P8: =IF(OR(B8="ELEC",H8=""),"Sim","Não") -> Não | Q8: =IF(J8=3,"Alta",IF(J8=2,"Média","Baixa")) -> Baixa
A9: 5 | B9: JOUR | C9: 2021 | D9: Fam et al. (2021) | E9: Data learning and expert judgment in a Bayesian belief network for aiding human reliability assessment in offshore decommissioning risk assessment | F9: Fam, Mei Ling; Konovessis, Dimitrios; He, XuHong; Ong, Lin Seng | G9: Journal of Ocean Engineering and Science | H9: https://doi.org/10.1016/j.joes.2020.09.001 | I9: Internacional / não explícito | J9: 2 | K9: Relevante para descomissionamento offshore, mas sem aderência total ao recorte específico. | L9: Artigo | M9: Geral offshore | N9: M | O9: Pode apoiar discussão de risco e confiabilidade humana. | P9: =IF(OR(B9="ELEC",H9=""),"Sim","Não") -> Não | Q9: =IF(J9=3,"Alta",IF(J9=2,"Média","Baixa")) -> Média
A10: 6 | B10: ELEC | C10: 2019 | D10: Frontiers | Benthic Conservation Features and S... | E10: Frontiers | Benthic Conservation Features and Species Associated With Subsea Pipelines: Considerations for Decommissioning | H10: https://www.frontiersin.org/journals/marine-science/articles/10.3389/fmars.2019.00200/full | I10: Internacional / não explícito | J10: 3 | K10: Ligação direta com descomissionamento offshore e com o recorte técnico/regulatório do capítulo. | L10: Recurso web / metadado incompleto | M10: Pipelines / flowlines | N10: EA / CT | O10: Relevante para dutos/flowlines e opções leave-in-situ versus remoção. Cadastro do RIS incompleto; convém completar autores, ano e veículo antes da versão final. | P10: =IF(OR(B10="ELEC",H10=""),"Sim","Não") -> Sim | Q10: =IF(J10=3,"Alta",IF(J10=2,"Média","Baixa")) -> Alta
A11: 7 | B11: JOUR | C11: 2018 | D11: Yellice & ULiège > (2018) | E11: Towards a Decision Tool for Decommissioning of Sub Sea Assets of Oil-Gas Platforms in Brazil | F11: Yellice, Semih; ULiège >, Université de Liège- | G11: matheo.uliege.be | H11: https://matheo.uliege.be/handle/2268.2/6081 | I11: Brasil | J11: 3 | K11: Ligação direta com descomissionamento offshore e com o recorte técnico/regulatório do capítulo. | L11: Tese / dissertação | M11: Ativos subsea | N11: CR / D | O11: Muito útil para o contexto brasileiro. Ajuda bastante na parte de ativos subsea. Bom candidato para comparação regulatória. Útil para método ou matriz decisória. | P11: =IF(OR(B11="ELEC",H11=""),"Sim","Não") -> Não | Q11: =IF(J11=3,"Alta",IF(J11=2,"Média","Baixa")) -> Alta
A12: 8 | B12: ELEC | D12: Enhancing Sustainability Using Multi-Criteria D... | E12: Enhancing Sustainability Using Multi-Criteria Decision Making in Subsea Decommissioning | OTC Offshore Technology Conference | OnePetro | H12: https://onepetro.org/OTCONF/proceedings-abstract/24OTC/3-24OTC/D031S039R001/544853 | I12: Internacional / não explícito | J12: 3 | K12: Ligação direta com descomissionamento offshore e com o recorte técnico/regulatório do capítulo. | L12: Recurso web / metadado incompleto | M12: Ativos subsea | N12: M | O12: Ajuda bastante na parte de ativos subsea. Útil para método ou matriz decisória. Cadastro do RIS incompleto; convém completar autores, ano e veículo antes da versão final. | P12: =IF(OR(B12="ELEC",H12=""),"Sim","Não") -> Sim | Q12: =IF(J12=3,"Alta",IF(J12=2,"Média","Baixa")) -> Alta
A13: 9 | B13: ELEC | D13: Decommissioning of Subsea Facilities | Springer... | E13: Decommissioning of Subsea Facilities | Springer Nature Link | H13: https://link.springer.com/rwe/10.1007/978-981-10-6946-8_169 | I13: Internacional / não explícito | J13: 3 | K13: Ligação direta com descomissionamento offshore e com o recorte técnico/regulatório do capítulo. | L13: Recurso web / metadado incompleto | M13: Ativos subsea | N13: CT | O13: Ajuda bastante na parte de ativos subsea. Cadastro do RIS incompleto; convém completar autores, ano e veículo antes da versão final. | P13: =IF(OR(B13="ELEC",H13=""),"Sim","Não") -> Sim | Q13: =IF(J13=3,"Alta",IF(J13=2,"Média","Baixa")) -> Alta
A14: 10 | B14: ELEC | D14: ANALYSING THE LEGAL AND REGULATORY FRAMEWORK FO... | E14: ANALYSING THE LEGAL AND REGULATORY FRAMEWORK FOR DECOMMISSIONING OFFSHORE PLATFORMS: A COMPARISON BETWEEN BRAZIL (BR) AND THE UNITED KINGDOM (UK) - ProQuest | H14: https://www.proquest.com/openview/d23ebf3711d4d75a601eda81955810a1/1?pq-origsite=gscholar&cbl=2031968 | I14: Brasil | J14: 3 | K14: Ligação direta com descomissionamento offshore e com o recorte técnico/regulatório do capítulo. | L14: Recurso web / metadado incompleto | M14: Plataformas / instalações offshore | N14: CR / D | O14: Muito útil para o contexto brasileiro. Bom candidato para comparação regulatória. Cadastro do RIS incompleto; convém completar autores, ano e veículo antes da versão final. | P14: =IF(OR(B14="ELEC",H14=""),"Sim","Não") -> Sim | Q14: =IF(J14=3,"Alta",IF(J14=2,"Média","Baixa")) -> Alta
A15: 11 | B15: RPRT | C15: 2001 | D15: Ruivo (2001) | E15: Descomissionamento de sistemas de produção offshore | F15: Ruivo, Fabio de Moraes | G15: repositorio.unicamp.br | H15: http://repositorio.unicamp.br/acervo/detalhe/225364 | I15: Internacional / não explícito | J15: 3 | K15: Obra diretamente focada em descomissionamento de sistemas de produção offshore. | L15: Dissertação / relatório | M15: Geral offshore | N15: CT | O15: Item de apoio útil; a utilidade exata depende da profundidade que você der ao tema no capítulo. | P15: =IF(OR(B15="ELEC",H15=""),"Sim","Não") -> Não | Q15: =IF(J15=3,"Alta",IF(J15=2,"Média","Baixa")) -> Alta
A16: 12 | B16: ELEC | D16: Terminal RI - Sophia Biblioteca Web | E16: Terminal RI - Sophia Biblioteca Web | H16: http://repositorio.unicamp.br/acervo/detalhe/225364 | I16: Internacional / não explícito | J16: 1 | K16: Registro de catálogo/repositório, não a obra bibliográfica em si. | L16: Recurso web / metadado incompleto | M16: Geral offshore | N16: CT | O16: Cadastro do RIS incompleto; convém completar autores, ano e veículo antes da versão final. Este item parece ser apenas página intermediária/resultado de busca. | P16: =IF(OR(B16="ELEC",H16=""),"Sim","Não") -> Sim | Q16: =IF(J16=3,"Alta",IF(J16=2,"Média","Baixa")) -> Baixa
A17: 13 | B17: CONF | C17: 2017 | D17: Manouchehri (2017) | E17: Subsea Pipelines and Flowlines Decommissioning: What We Should Know for a Rational Approach | F17: Manouchehri, Soheil | G17: asmedigitalcollection.asme.org | H17: https://doi.org/10.1115/OMAE2017-61239 | I17: Internacional / não explícito | J17: 3 | K17: Ligação direta com descomissionamento offshore e com o recorte técnico/regulatório do capítulo. | L17: Conferência | M17: Pipelines / flowlines | N17: CR / D | O17: Relevante para dutos/flowlines e opções leave-in-situ versus remoção. Bom candidato para comparação regulatória. | P17: =IF(OR(B17="ELEC",H17=""),"Sim","Não") -> Não | Q17: =IF(J17=3,"Alta",IF(J17=2,"Média","Baixa")) -> Alta
A18: 14 | B18: JOUR | C18: 2018 | D18: Rouse et al. (2018) | E18: Offshore pipeline decommissioning: Scale and context | F18: Rouse, Sally; Hayes, Peter; Davies, Ian M.; Wilding, Thomas A. | G18: Marine Pollution Bulletin | H18: https://doi.org/10.1016/j.marpolbul.2018.02.041 | I18: Mar do Norte | J18: 3 | K18: Ligação direta com descomissionamento offshore e com o recorte técnico/regulatório do capítulo. | L18: Artigo | M18: Pipelines / flowlines | N18: EA / CT | O18: Bom para comparação com o Mar do Norte. Relevante para dutos/flowlines e opções leave-in-situ versus remoção. | P18: =IF(OR(B18="ELEC",H18=""),"Sim","Não") -> Não | Q18: =IF(J18=3,"Alta",IF(J18=2,"Média","Baixa")) -> Alta
A19: 15 | B19: ELEC | D19: Market Dynamics and Opportunities in Decommissi... | E19: Market Dynamics and Opportunities in Decommissioning in Brazil | Offshore Technology Conference Brasil | OnePetro | H19: https://onepetro.org/OTCBRASIL/proceedings-abstract/25OTCB/25OTCB/792308 | I19: Brasil | J19: 3 | K19: Ligação direta com descomissionamento offshore e com o recorte técnico/regulatório do capítulo. | L19: Recurso web / metadado incompleto | M19: Geral offshore | N19: CT | O19: Muito útil para o contexto brasileiro. Cadastro do RIS incompleto; convém completar autores, ano e veículo antes da versão final. | P19: =IF(OR(B19="ELEC",H19=""),"Sim","Não") -> Sim | Q19: =IF(J19=3,"Alta",IF(J19=2,"Média","Baixa")) -> Alta
A20: 16 | B20: ELEC | D20: A New Multi-Criteria Decision-Making Tool for S... | E20: A New Multi-Criteria Decision-Making Tool for Subsea Oil and Gas Asset Decommissioning | J. Offshore Mech. Arct. Eng. | ASME Digital Collection | H20: https://asmedigitalcollection.asme.org/offshoremechanics/article-abstract/147/5/051401/1210902/A-New-Multi-Criteria-Decision-Making-Tool-for | I20: Internacional / não explícito | J20: 3 | K20: Ligação direta com descomissionamento offshore e com o recorte técnico/regulatório do capítulo. | L20: Recurso web / metadado incompleto | M20: Ativos subsea | N20: M | O20: Ajuda bastante na parte de ativos subsea. Útil para método ou matriz decisória. Cadastro do RIS incompleto; convém completar autores, ano e veículo antes da versão final. | P20: =IF(OR(B20="ELEC",H20=""),"Sim","Não") -> Sim | Q20: =IF(J20=3,"Alta",IF(J20=2,"Média","Baixa")) -> Alta
A21: 17 | B21: ELEC | C21: 2002 | D21: Decommissioning Pipelines and Subsea Equipment:... | E21: Decommissioning Pipelines and Subsea Equipment: Legislative Issue...: Ingenta Connect | H21: https://www.ingentaconnect.com/content/sut/unwt/2002/00000025/00000002/art00012 | I21: Internacional / não explícito | J21: 3 | K21: Ligação direta com descomissionamento offshore e com o recorte técnico/regulatório do capítulo. | L21: Recurso web / metadado incompleto | M21: Pipelines / flowlines | N21: CR / D | O21: Relevante para dutos/flowlines e opções leave-in-situ versus remoção. Bom candidato para comparação regulatória. Cadastro do RIS incompleto; convém completar autores, ano e veículo antes da versão final. | P21: =IF(OR(B21="ELEC",H21=""),"Sim","Não") -> Sim | Q21: =IF(J21=3,"Alta",IF(J21=2,"Média","Baixa")) -> Alta
A22: 18 | B22: JOUR | C22: 2025 | D22: Marchetti et al. (2025) | E22: Energy Implications and Environmental Analysis of Oil Rigs Decommissioning Options Using LCA Methodology | F22: Marchetti, Barbara; Corvaro, Francesco; Rossi, Marta | G22: Energies | H22: https://doi.org/10.3390/en18133372 | I22: Internacional / não explícito | J22: 3 | K22: Ligação direta com descomissionamento offshore e com o recorte técnico/regulatório do capítulo. | L22: Artigo | M22: Plataformas / instalações offshore | N22: M | O22: Bom para trade-offs energéticos e ambientais. | P22: =IF(OR(B22="ELEC",H22=""),"Sim","Não") -> Não | Q22: =IF(J22=3,"Alta",IF(J22=2,"Média","Baixa")) -> Alta
A23: 19 | B23: JOUR | C23: 2023 | D23: Zawawi et al. (2023) | E23: Environmental Sustainability and Efficiency of Offshore Platform Decommissioning: A Review | F23: Zawawi, Noor Amila Wan Abdullah; Danyaro, Kamaluddeen Usman; Liew, M. S.; Shawn, Lim Eu | G23: Sustainability | H23: https://doi.org/10.3390/su151712757 | I23: Malásia | J23: 3 | K23: Ligação direta com descomissionamento offshore e com o recorte técnico/regulatório do capítulo. | L23: Revisão | M23: Ativos subsea | N23: EA / CT | O23: Ajuda bastante na parte de ativos subsea. Serve como porta de entrada do estado da arte. | P23: =IF(OR(B23="ELEC",H23=""),"Sim","Não") -> Não | Q23: =IF(J23=3,"Alta",IF(J23=2,"Média","Baixa")) -> Alta
A24: 20 | B24: CHAP | C24: 2022 | D24: Efthymiou (2022) | E24: Decommissioning of Offshore Oil and Gas Installations | F24: Efthymiou, Mike | G24: Encyclopedia of Ocean Engineering | H24: https://link.springer.com/rwe/10.1007/978-981-10-6946-8_230 | I24: Internacional / não explícito | J24: 3 | K24: Ligação direta com descomissionamento offshore e com o recorte técnico/regulatório do capítulo. | L24: Capítulo | M24: Plataformas / instalações offshore | N24: D / CT | O24: Item de apoio útil; a utilidade exata depende da profundidade que você der ao tema no capítulo. | P24: =IF(OR(B24="ELEC",H24=""),"Sim","Não") -> Não | Q24: =IF(J24=3,"Alta",IF(J24=2,"Média","Baixa")) -> Alta
A25: 21 | B25: CONF | D25: Ruivo & Morooka | E25: DISCUSSING DECOMMISSIONING OFFSHORE PRODUCTION INSTALLATIONS | F25: Ruivo, F. M.; Morooka, C. K. | G25: onepetro.org | H25: https://dx.doi.org/ | I25: Brasil | J25: 3 | K25: Ligação direta com descomissionamento offshore e com o recorte técnico/regulatório do capítulo. | L25: Conferência | M25: Plataformas / instalações offshore | N25: EA / CT | O25: Muito útil para o contexto brasileiro. Bom para comparação com o Mar do Norte. Serve como porta de entrada do estado da arte. | P25: =IF(OR(B25="ELEC",H25=""),"Sim","Não") -> Não | Q25: =IF(J25=3,"Alta",IF(J25=2,"Média","Baixa")) -> Alta
A27: * Um arquivo com a extensão .ris é um formato de texto padronizado, desenvolvido pela Research Information Systems, utilizado para trocar informações bibliográficas (citações) entre gerenciadores de referências

Sheet Legenda
A1: Legenda dos critérios R1–R4
A2: Definições resumidas para orientar o uso da planilha.
A4: Critério | B4: Valor | C4: Significado | D4: Como usar
A5: R1 | B5: 3 | C5: Alta aderência ao recorte | D5: Ler primeiro; tende a entrar no núcleo do capítulo
B6: 2 | C6: Aderência parcial | D6: Usar como apoio, comparação ou método
B7: 1 | C7: Periférico | D7: Usar só se agregar contexto lateral
A8: R2 | B8: Artigo / Revisão / Capítulo / Conferência / Dissertação / Web | C8: Tipo de evidência | D8: Ajuda a calibrar o peso bibliográfico
A9: R3 | B9: Plataformas / Ativos subsea / Pipelines / Navios / Geral offshore | C9: Aplicabilidade inferida | D9: Mostra em que tipo de ativo/escopo o item ajuda mais
A10: R4 | B10: M / CR-D / EA-CT / D-CT / CT | C10: Utilidade principal no capítulo | D10: M = método; CR/D = comparação regulatória/definição; EA/CT = evidência ambiental/contexto teórico
