Workbook

Sheet Biblioteca_R1_R4
A1: Biblioteca — Classifiicação inicial
A2: Classificação preliminar feita a partir de título, resumo, palavras-chave e metadados do arquivo .ris. Útil para triagem; não substitui leitura integral.
A4: ID | B4: Tipo RIS | C4: Ano | D4: Referência curta | E4: Título | F4: Autores | G4: Fonte / veículo | H4: DOI / URL | I4: Geografia inferida | J4: Escopo técnico | K4: R1 | L4: R1 — justificativa | M4: R2 — tipo de evidência | N4: R4 — utilidade no capítulo | O4: Considerações | P4: Conferir cadastro? | Q4: Prioridade
A5: 1 | B5: CONF | D5: Passos & de Aguiar | E5: Decarbonization in Offshore Services: A Study on Efficiency and Emissions Reduction | F5: Passos, R. B.; de Aguiar, R. B. | G5: onepetro.org | H5: https://dx.doi.org/10.4043/35367-MS | I5: Brasil | J5: Ativos subsea | K5: 1 | L5: Tema adjacente; não trata do núcleo do descomissionamento offshore de plataformas/subsea/pipelines. | M5: Conferência | N5: EA / CT | O5: Muito útil para o contexto brasileiro. Ajuda bastante na parte de ativos subsea. Serve como porta de entrada do estado da arte. | P5: =IF(OR(B5="ELEC",H5=""),"Sim","Não") -> Não | Q5: =IF(K5=3,"Alta",IF(K5=2,"Média","Baixa")) -> Baixa
A6: 2 | B6: ELEC | D6: Discussing decommissioning Offshore Production ... | E6: Discussing decommissioning Offshore Production Installations - Google Acadêmico | H6: https://scholar.google.com/scholar?start=30&q=Discussing+decommissioning+Offshore+Production+Installations&hl=pt-BR&as_sdt=0,5&scilib=1 | I6: Internacional / não explícito | J6: Plataformas / instalações offshore | K6: 1 | L6: Entrada do RIS parece ser um resultado do Google Scholar, não a referência bibliográfica final. | M6: Recurso web / metadado incompleto | N6: CT | O6: Cadastro do RIS incompleto; convém completar autores, ano e veículo antes da versão final. Este item parece ser apenas página intermediária/resultado de busca. | P6: =IF(OR(B6="ELEC",H6=""),"Sim","Não") -> Sim | Q6: =IF(K6=3,"Alta",IF(K6=2,"Média","Baixa")) -> Baixa
A7: 3 | B7: JOUR | C7: 2016 | D7: Hiremath et al. (2016) | E7: Development of ship-specific recycling plan to improve health safety and environment in ship recycling yards | F7: Hiremath, Anand M.; Pandey, Sachin Kumar; Asolekar, Shyam R. | G7: Journal of Cleaner Production | H7: https://doi.org/10.1016/j.jclepro.2016.01.006 | I7: Índia | J7: Navios / embarcações | K7: 1 | L7: Tema adjacente; não trata do núcleo do descomissionamento offshore de plataformas/subsea/pipelines. | M7: Artigo | N7: CR / D | O7: Bom candidato para comparação regulatória. Pode apoiar discussão de risco e confiabilidade humana. Use só como analogia de reciclagem/HSE, não como eixo do capítulo. | P7: =IF(OR(B7="ELEC",H7=""),"Sim","Não") -> Não | Q7: =IF(K7=3,"Alta",IF(K7=2,"Média","Baixa")) -> Baixa
A8: 4 | B8: JOUR | C8: 2018 | D8: Du et al. (2018) | E8: Hazardous materials analysis and disposal procedures during ship recycling | F8: Du, Zunfeng; Zhang, Sen; Zhou, Qingji; Yuen, Kum Fai; Wong, Yiik Diew | G8: Resources, Conservation and Recycling | H8: https://doi.org/10.1016/j.resconrec.2018.01.006 | I8: Internacional / não explícito | J8: Navios / embarcações | K8: 1 | L8: Tema adjacente; não trata do núcleo do descomissionamento offshore de plataformas/subsea/pipelines. | M8: Artigo | N8: EA / CT | O8: Use só como analogia de reciclagem/HSE, não como eixo do capítulo. | P8: =IF(OR(B8="ELEC",H8=""),"Sim","Não") -> Não | Q8: =IF(K8=3,"Alta",IF(K8=2,"Média","Baixa")) -> Baixa
A9: 5 | B9: JOUR | C9: 2021 | D9: Fam et al. (2021) | E9: Data learning and expert judgment in a Bayesian belief network for aiding human reliability assessment in offshore decommissioning risk assessment | F9: Fam, Mei Ling; Konovessis, Dimitrios; He, XuHong; Ong, Lin Seng | G9: Journal of Ocean Engineering and Science | H9: https://doi.org/10.1016/j.joes.2020.09.001 | I9: Internacional / não explícito | J9: Geral offshore | K9: 2 | L9: Relevante para descomissionamento offshore, mas sem aderência total ao recorte específico. | M9: Artigo | N9: M | O9: Pode apoiar discussão de risco e confiabilidade humana. | P9: =IF(OR(B9="ELEC",H9=""),"Sim","Não") -> Não | Q9: =IF(K9=3,"Alta",IF(K9=2,"Média","Baixa")) -> Média
A10: 6 | B10: ELEC | C10: 2019 | D10: Frontiers | Benthic Conservation Features and S... | E10: Frontiers | Benthic Conservation Features and Species Associated With Subsea Pipelines: Considerations for Decommissioning | H10: https://www.frontiersin.org/journals/marine-science/articles/10.3389/fmars.2019.00200/full | I10: Internacional / não explícito | J10: Pipelines / flowlines | K10: 3 | L10: Ligação direta com descomissionamento offshore e com o recorte técnico/regulatório do capítulo. | M10: Recurso web / metadado incompleto | N10: EA / CT | O10: Relevante para dutos/flowlines e opções leave-in-situ versus remoção. Cadastro do RIS incompleto; convém completar autores, ano e veículo antes da versão final. | P10: =IF(OR(B10="ELEC",H10=""),"Sim","Não") -> Sim | Q10: =IF(K10=3,"Alta",IF(K10=2,"Média","Baixa")) -> Alta
A11: 7 | B11: JOUR | C11: 2018 | D11: Yellice & ULiège > (2018) | E11: Towards a Decision Tool for Decommissioning of Sub Sea Assets of Oil-Gas Platforms in Brazil | F11: Yellice, Semih; ULiège >, Université de Liège- | G11: matheo.uliege.be | H11: https://matheo.uliege.be/handle/2268.2/6081 | I11: Brasil | J11: Ativos subsea | K11: 3 | L11: Ligação direta com descomissionamento offshore e com o recorte técnico/regulatório do capítulo. | M11: Tese / dissertação | N11: CR / D | O11: Muito útil para o contexto brasileiro. Ajuda bastante na parte de ativos subsea. Bom candidato para comparação regulatória. Útil para método ou matriz decisória. | P11: =IF(OR(B11="ELEC",H11=""),"Sim","Não") -> Não | Q11: =IF(K11=3,"Alta",IF(K11=2,"Média","Baixa")) -> Alta
A12: 8 | B12: ELEC | D12: Enhancing Sustainability Using Multi-Criteria D... | E12: Enhancing Sustainability Using Multi-Criteria Decision Making in Subsea Decommissioning | OTC Offshore Technology Conference | OnePetro | H12: https://onepetro.org/OTCONF/proceedings-abstract/24OTC/3-24OTC/D031S039R001/544853 | I12: Internacional / não explícito | J12: Ativos subsea | K12: 3 | L12: Ligação direta com descomissionamento offshore e com o recorte técnico/regulatório do capítulo. | M12: Recurso web / metadado incompleto | N12: M | O12: Ajuda bastante na parte de ativos subsea. Útil para método ou matriz decisória. Cadastro do RIS incompleto; convém completar autores, ano e veículo antes da versão final. | P12: =IF(OR(B12="ELEC",H12=""),"Sim","Não") -> Sim | Q12: =IF(K12=3,"Alta",IF(K12=2,"Média","Baixa")) -> Alta
A13: 9 | B13: ELEC | D13: Decommissioning of Subsea Facilities | Springer... | E13: Decommissioning of Subsea Facilities | Springer Nature Link | H13: https://link.springer.com/rwe/10.1007/978-981-10-6946-8_169 | I13: Internacional / não explícito | J13: Ativos subsea | K13: 3 | L13: Ligação direta com descomissionamento offshore e com o recorte técnico/regulatório do capítulo. | M13: Recurso web / metadado incompleto | N13: CT | O13: Ajuda bastante na parte de ativos subsea. Cadastro do RIS incompleto; convém completar autores, ano e veículo antes da versão final. | P13: =IF(OR(B13="ELEC",H13=""),"Sim","Não") -> Sim | Q13: =IF(K13=3,"Alta",IF(K13=2,"Média","Baixa")) -> Alta
A14: 10 | B14: ELEC | D14: ANALYSING THE LEGAL AND REGULATORY FRAMEWORK FO... | E14: ANALYSING THE LEGAL AND REGULATORY FRAMEWORK FOR DECOMMISSIONING OFFSHORE PLATFORMS: A COMPARISON BETWEEN BRAZIL (BR) AND THE UNITED KINGDOM (UK) - ProQuest | H14: https://www.proquest.com/openview/d23ebf3711d4d75a601eda81955810a1/1?pq-origsite=gscholar&cbl=2031968 | I14: Brasil | J14: Plataformas / instalações offshore | K14: 3 | L14: Ligação direta com descomissionamento offshore e com o recorte técnico/regulatório do capítulo. | M14: Recurso web / metadado incompleto | N14: CR / D | O14: Muito útil para o contexto brasileiro. Bom candidato para comparação regulatória. Cadastro do RIS incompleto; convém completar autores, ano e veículo antes da versão final. | P14: =IF(OR(B14="ELEC",H14=""),"Sim","Não") -> Sim | Q14: =IF(K14=3,"Alta",IF(K14=2,"Média","Baixa")) -> Alta
A15: 11 | B15: RPRT | C15: 2001 | D15: Ruivo (2001) | E15: Descomissionamento de sistemas de produção offshore | F15: Ruivo, Fabio de Moraes | G15: repositorio.unicamp.br | H15: http://repositorio.unicamp.br/acervo/detalhe/225364 | I15: Internacional / não explícito | J15: Geral offshore | K15: 3 | L15: Obra diretamente focada em descomissionamento de sistemas de produção offshore. | M15: Dissertação / relatório | N15: CT | O15: Item de apoio útil; a utilidade exata depende da profundidade que você der ao tema no capítulo. | P15: =IF(OR(B15="ELEC",H15=""),"Sim","Não") -> Não | Q15: =IF(K15=3,"Alta",IF(K15=2,"Média","Baixa")) -> Alta
A16: 12 | B16: ELEC | D16: Terminal RI - Sophia Biblioteca Web | E16: Terminal RI - Sophia Biblioteca Web | H16: http://repositorio.unicamp.br/acervo/detalhe/225364 | I16: Internacional / não explícito | J16: Geral offshore | K16: 1 | L16: Registro de catálogo/repositório, não a obra bibliográfica em si. | M16: Recurso web / metadado incompleto | N16: CT | O16: Cadastro do RIS incompleto; convém completar autores, ano e veículo antes da versão final. Este item parece ser apenas página intermediária/resultado de busca. | P16: =IF(OR(B16="ELEC",H16=""),"Sim","Não") -> Sim | Q16: =IF(K16=3,"Alta",IF(K16=2,"Média","Baixa")) -> Baixa
A17: 13 | B17: CONF | C17: 2017 | D17: Manouchehri (2017) | E17: Subsea Pipelines and Flowlines Decommissioning: What We Should Know for a Rational Approach | F17: Manouchehri, Soheil | G17: asmedigitalcollection.asme.org | H17: https://doi.org/10.1115/OMAE2017-61239 | I17: Internacional / não explícito | J17: Pipelines / flowlines | K17: 3 | L17: Ligação direta com descomissionamento offshore e com o recorte técnico/regulatório do capítulo. | M17: Conferência | N17: CR / D | O17: Relevante para dutos/flowlines e opções leave-in-situ versus remoção. Bom candidato para comparação regulatória. | P17: =IF(OR(B17="ELEC",H17=""),"Sim","Não") -> Não | Q17: =IF(K17=3,"Alta",IF(K17=2,"Média","Baixa")) -> Alta
A18: 14 | B18: JOUR | C18: 2018 | D18: Rouse et al. (2018) | E18: Offshore pipeline decommissioning: Scale and context | F18: Rouse, Sally; Hayes, Peter; Davies, Ian M.; Wilding, Thomas A. | G18: Marine Pollution Bulletin | H18: https://doi.org/10.1016/j.marpolbul.2018.02.041 | I18: Mar do Norte | J18: Pipelines / flowlines | K18: 3 | L18: Ligação direta com descomissionamento offshore e com o recorte técnico/regulatório do capítulo. | M18: Artigo | N18: EA / CT | O18: Bom para comparação com o Mar do Norte. Relevante para dutos/flowlines e opções leave-in-situ versus remoção. | P18: =IF(OR(B18="ELEC",H18=""),"Sim","Não") -> Não | Q18: =IF(K18=3,"Alta",IF(K18=2,"Média","Baixa")) -> Alta
A19: 15 | B19: ELEC | D19: Market Dynamics and Opportunities in Decommissi... | E19: Market Dynamics and Opportunities in Decommissioning in Brazil | Offshore Technology Conference Brasil | OnePetro | H19: https://onepetro.org/OTCBRASIL/proceedings-abstract/25OTCB/25OTCB/792308 | I19: Brasil | J19: Geral offshore | K19: 3 | L19: Ligação direta com descomissionamento offshore e com o recorte técnico/regulatório do capítulo. | M19: Recurso web / metadado incompleto | N19: CT | O19: Muito útil para o contexto brasileiro. Cadastro do RIS incompleto; convém completar autores, ano e veículo antes da versão final. | P19: =IF(OR(B19="ELEC",H19=""),"Sim","Não") -> Sim | Q19: =IF(K19=3,"Alta",IF(K19=2,"Média","Baixa")) -> Alta
A20: 16 | B20: ELEC | D20: A New Multi-Criteria Decision-Making Tool for S... | E20: A New Multi-Criteria Decision-Making Tool for Subsea Oil and Gas Asset Decommissioning | J. Offshore Mech. Arct. Eng. | ASME Digital Collection | H20: https://asmedigitalcollection.asme.org/offshoremechanics/article-abstract/147/5/051401/1210902/A-New-Multi-Criteria-Decision-Making-Tool-for | I20: Internacional / não explícito | J20: Ativos subsea | K20: 3 | L20: Ligação direta com descomissionamento offshore e com o recorte técnico/regulatório do capítulo. | M20: Recurso web / metadado incompleto | N20: M | O20: Ajuda bastante na parte de ativos subsea. Útil para método ou matriz decisória. Cadastro do RIS incompleto; convém completar autores, ano e veículo antes da versão final. | P20: =IF(OR(B20="ELEC",H20=""),"Sim","Não") -> Sim | Q20: =IF(K20=3,"Alta",IF(K20=2,"Média","Baixa")) -> Alta
A21: 17 | B21: ELEC | C21: 2002 | D21: Decommissioning Pipelines and Subsea Equipment:... | E21: Decommissioning Pipelines and Subsea Equipment: Legislative Issue...: Ingenta Connect | H21: https://www.ingentaconnect.com/content/sut/unwt/2002/00000025/00000002/art00012 | I21: Internacional / não explícito | J21: Pipelines / flowlines | K21: 3 | L21: Ligação direta com descomissionamento offshore e com o recorte técnico/regulatório do capítulo. | M21: Recurso web / metadado incompleto | N21: CR / D | O21: Relevante para dutos/flowlines e opções leave-in-situ versus remoção. Bom candidato para comparação regulatória. Cadastro do RIS incompleto; convém completar autores, ano e veículo antes da versão final. | P21: =IF(OR(B21="ELEC",H21=""),"Sim","Não") -> Sim | Q21: =IF(K21=3,"Alta",IF(K21=2,"Média","Baixa")) -> Alta
A22: 18 | B22: JOUR | C22: 2025 | D22: Marchetti et al. (2025) | E22: Energy Implications and Environmental Analysis of Oil Rigs Decommissioning Options Using LCA Methodology | F22: Marchetti, Barbara; Corvaro, Francesco; Rossi, Marta | G22: Energies | H22: https://doi.org/10.3390/en18133372 | I22: Internacional / não explícito | J22: Plataformas / instalações offshore | K22: 3 | L22: Ligação direta com descomissionamento offshore e com o recorte técnico/regulatório do capítulo. | M22: Artigo | N22: M | O22: Bom para trade-offs energéticos e ambientais. | P22: =IF(OR(B22="ELEC",H22=""),"Sim","Não") -> Não | Q22: =IF(K22=3,"Alta",IF(K22=2,"Média","Baixa")) -> Alta
A23: 19 | B23: JOUR | C23: 2023 | D23: Zawawi et al. (2023) | E23: Environmental Sustainability and Efficiency of Offshore Platform Decommissioning: A Review | F23: Zawawi, Noor Amila Wan Abdullah; Danyaro, Kamaluddeen Usman; Liew, M. S.; Shawn, Lim Eu | G23: Sustainability | H23: https://doi.org/10.3390/su151712757 | I23: Malásia | J23: Ativos subsea | K23: 3 | L23: Ligação direta com descomissionamento offshore e com o recorte técnico/regulatório do capítulo. | M23: Revisão | N23: EA / CT | O23: Ajuda bastante na parte de ativos subsea. Serve como porta de entrada do estado da arte. | P23: =IF(OR(B23="ELEC",H23=""),"Sim","Não") -> Não | Q23: =IF(K23=3,"Alta",IF(K23=2,"Média","Baixa")) -> Alta
A24: 20 | B24: CHAP | C24: 2022 | D24: Efthymiou (2022) | E24: Decommissioning of Offshore Oil and Gas Installations | F24: Efthymiou, Mike | G24: Encyclopedia of Ocean Engineering | H24: https://link.springer.com/rwe/10.1007/978-981-10-6946-8_230 | I24: Internacional / não explícito | J24: Plataformas / instalações offshore | K24: 3 | L24: Ligação direta com descomissionamento offshore e com o recorte técnico/regulatório do capítulo. | M24: Capítulo | N24: D / CT | O24: Item de apoio útil; a utilidade exata depende da profundidade que você der ao tema no capítulo. | P24: =IF(OR(B24="ELEC",H24=""),"Sim","Não") -> Não | Q24: =IF(K24=3,"Alta",IF(K24=2,"Média","Baixa")) -> Alta
A25: 21 | B25: CONF | D25: Ruivo & Morooka | E25: DISCUSSING DECOMMISSIONING OFFSHORE PRODUCTION INSTALLATIONS | F25: Ruivo, F. M.; Morooka, C. K. | G25: onepetro.org | H25: https://dx.doi.org/ | I25: Brasil | J25: Plataformas / instalações offshore | K25: 3 | L25: Ligação direta com descomissionamento offshore e com o recorte técnico/regulatório do capítulo. | M25: Conferência | N25: EA / CT | O25: Muito útil para o contexto brasileiro. Bom para comparação com o Mar do Norte. Serve como porta de entrada do estado da arte. | P25: =IF(OR(B25="ELEC",H25=""),"Sim","Não") -> Não | Q25: =IF(K25=3,"Alta",IF(K25=2,"Média","Baixa")) -> Alta

Sheet Itens_priorizados
A1: Itens priorizados (R1 ≥ 2)
A2: Subset da biblioteca com aderência alta ou média ao recorte do capítulo.
A4: ID | B4: Tipo RIS | C4: Ano | D4: Referência curta | E4: Título | F4: Autores | G4: Fonte / veículo | H4: DOI / URL | I4: Geografia inferida | J4: Escopo técnico | K4: R1 | L4: R1 — justificativa | M4: R2 — tipo de evidência | N4: R4 — utilidade no capítulo | O4: Considerações | P4: Conferir cadastro? | Q4: Prioridade
A5: 1 | B5: JOUR | C5: 2025 | D5: Marchetti et al. (2025) | E5: Energy Implications and Environmental Analysis of Oil Rigs Decommissioning Options Using LCA Methodology | F5: Marchetti, Barbara; Corvaro, Francesco; Rossi, Marta | G5: Energies | H5: https://doi.org/10.3390/en18133372 | I5: Internacional / não explícito | J5: Plataformas / instalações offshore | K5: 3 | L5: Ligação direta com descomissionamento offshore e com o recorte técnico/regulatório do capítulo. | M5: Artigo | N5: M | O5: Bom para trade-offs energéticos e ambientais. | P5: =IF(OR(B5="ELEC",H5=""),"Sim","Não") -> Não | Q5: =IF(K5=3,"Alta",IF(K5=2,"Média","Baixa")) -> Alta
A6: 2 | B6: JOUR | C6: 2023 | D6: Zawawi et al. (2023) | E6: Environmental Sustainability and Efficiency of Offshore Platform Decommissioning: A Review | F6: Zawawi, Noor Amila Wan Abdullah; Danyaro, Kamaluddeen Usman; Liew, M. S.; Shawn, Lim Eu | G6: Sustainability | H6: https://doi.org/10.3390/su151712757 | I6: Malásia | J6: Ativos subsea | K6: 3 | L6: Ligação direta com descomissionamento offshore e com o recorte técnico/regulatório do capítulo. | M6: Revisão | N6: EA / CT | O6: Ajuda bastante na parte de ativos subsea. Serve como porta de entrada do estado da arte. | P6: =IF(OR(B6="ELEC",H6=""),"Sim","Não") -> Não | Q6: =IF(K6=3,"Alta",IF(K6=2,"Média","Baixa")) -> Alta
A7: 3 | B7: CHAP | C7: 2022 | D7: Efthymiou (2022) | E7: Decommissioning of Offshore Oil and Gas Installations | F7: Efthymiou, Mike | G7: Encyclopedia of Ocean Engineering | H7: https://link.springer.com/rwe/10.1007/978-981-10-6946-8_230 | I7: Internacional / não explícito | J7: Plataformas / instalações offshore | K7: 3 | L7: Ligação direta com descomissionamento offshore e com o recorte técnico/regulatório do capítulo. | M7: Capítulo | N7: D / CT | O7: Item de apoio útil; a utilidade exata depende da profundidade que você der ao tema no capítulo. | P7: =IF(OR(B7="ELEC",H7=""),"Sim","Não") -> Não | Q7: =IF(K7=3,"Alta",IF(K7=2,"Média","Baixa")) -> Alta
A8: 4 | B8: ELEC | C8: 2019 | D8: Frontiers | Benthic Conservation Features and S... | E8: Frontiers | Benthic Conservation Features and Species Associated With Subsea Pipelines: Considerations for Decommissioning | H8: https://www.frontiersin.org/journals/marine-science/articles/10.3389/fmars.2019.00200/full | I8: Internacional / não explícito | J8: Pipelines / flowlines | K8: 3 | L8: Ligação direta com descomissionamento offshore e com o recorte técnico/regulatório do capítulo. | M8: Recurso web / metadado incompleto | N8: EA / CT | O8: Relevante para dutos/flowlines e opções leave-in-situ versus remoção. Cadastro do RIS incompleto; convém completar autores, ano e veículo antes da versão final. | P8: =IF(OR(B8="ELEC",H8=""),"Sim","Não") -> Sim | Q8: =IF(K8=3,"Alta",IF(K8=2,"Média","Baixa")) -> Alta
A9: 5 | B9: JOUR | C9: 2018 | D9: Yellice & ULiège > (2018) | E9: Towards a Decision Tool for Decommissioning of Sub Sea Assets of Oil-Gas Platforms in Brazil | F9: Yellice, Semih; ULiège >, Université de Liège- | G9: matheo.uliege.be | H9: https://matheo.uliege.be/handle/2268.2/6081 | I9: Brasil | J9: Ativos subsea | K9: 3 | L9: Ligação direta com descomissionamento offshore e com o recorte técnico/regulatório do capítulo. | M9: Tese / dissertação | N9: CR / D | O9: Muito útil para o contexto brasileiro. Ajuda bastante na parte de ativos subsea. Bom candidato para comparação regulatória. Útil para método ou matriz decisória. | P9: =IF(OR(B9="ELEC",H9=""),"Sim","Não") -> Não | Q9: =IF(K9=3,"Alta",IF(K9=2,"Média","Baixa")) -> Alta
A10: 6 | B10: JOUR | C10: 2018 | D10: Rouse et al. (2018) | E10: Offshore pipeline decommissioning: Scale and context | F10: Rouse, Sally; Hayes, Peter; Davies, Ian M.; Wilding, Thomas A. | G10: Marine Pollution Bulletin | H10: https://doi.org/10.1016/j.marpolbul.2018.02.041 | I10: Mar do Norte | J10: Pipelines / flowlines | K10: 3 | L10: Ligação direta com descomissionamento offshore e com o recorte técnico/regulatório do capítulo. | M10: Artigo | N10: EA / CT | O10: Bom para comparação com o Mar do Norte. Relevante para dutos/flowlines e opções leave-in-situ versus remoção. | P10: =IF(OR(B10="ELEC",H10=""),"Sim","Não") -> Não | Q10: =IF(K10=3,"Alta",IF(K10=2,"Média","Baixa")) -> Alta
A11: 7 | B11: CONF | C11: 2017 | D11: Manouchehri (2017) | E11: Subsea Pipelines and Flowlines Decommissioning: What We Should Know for a Rational Approach | F11: Manouchehri, Soheil | G11: asmedigitalcollection.asme.org | H11: https://doi.org/10.1115/OMAE2017-61239 | I11: Internacional / não explícito | J11: Pipelines / flowlines | K11: 3 | L11: Ligação direta com descomissionamento offshore e com o recorte técnico/regulatório do capítulo. | M11: Conferência | N11: CR / D | O11: Relevante para dutos/flowlines e opções leave-in-situ versus remoção. Bom candidato para comparação regulatória. | P11: =IF(OR(B11="ELEC",H11=""),"Sim","Não") -> Não | Q11: =IF(K11=3,"Alta",IF(K11=2,"Média","Baixa")) -> Alta
A12: 8 | B12: ELEC | C12: 2002 | D12: Decommissioning Pipelines and Subsea Equipment:... | E12: Decommissioning Pipelines and Subsea Equipment: Legislative Issue...: Ingenta Connect | H12: https://www.ingentaconnect.com/content/sut/unwt/2002/00000025/00000002/art00012 | I12: Internacional / não explícito | J12: Pipelines / flowlines | K12: 3 | L12: Ligação direta com descomissionamento offshore e com o recorte técnico/regulatório do capítulo. | M12: Recurso web / metadado incompleto | N12: CR / D | O12: Relevante para dutos/flowlines e opções leave-in-situ versus remoção. Bom candidato para comparação regulatória. Cadastro do RIS incompleto; convém completar autores, ano e veículo antes da versão final. | P12: =IF(OR(B12="ELEC",H12=""),"Sim","Não") -> Sim | Q12: =IF(K12=3,"Alta",IF(K12=2,"Média","Baixa")) -> Alta
A13: 9 | B13: RPRT | C13: 2001 | D13: Ruivo (2001) | E13: Descomissionamento de sistemas de produção offshore | F13: Ruivo, Fabio de Moraes | G13: repositorio.unicamp.br | H13: http://repositorio.unicamp.br/acervo/detalhe/225364 | I13: Internacional / não explícito | J13: Geral offshore | K13: 3 | L13: Obra diretamente focada em descomissionamento de sistemas de produção offshore. | M13: Dissertação / relatório | N13: CT | O13: Item de apoio útil; a utilidade exata depende da profundidade que você der ao tema no capítulo. | P13: =IF(OR(B13="ELEC",H13=""),"Sim","Não") -> Não | Q13: =IF(K13=3,"Alta",IF(K13=2,"Média","Baixa")) -> Alta
A14: 10 | B14: CONF | D14: Ruivo & Morooka | E14: DISCUSSING DECOMMISSIONING OFFSHORE PRODUCTION INSTALLATIONS | F14: Ruivo, F. M.; Morooka, C. K. | G14: onepetro.org | H14: https://dx.doi.org/ | I14: Brasil | J14: Plataformas / instalações offshore | K14: 3 | L14: Ligação direta com descomissionamento offshore e com o recorte técnico/regulatório do capítulo. | M14: Conferência | N14: EA / CT | O14: Muito útil para o contexto brasileiro. Bom para comparação com o Mar do Norte. Serve como porta de entrada do estado da arte. | P14: =IF(OR(B14="ELEC",H14=""),"Sim","Não") -> Não | Q14: =IF(K14=3,"Alta",IF(K14=2,"Média","Baixa")) -> Alta
A15: 11 | B15: ELEC | D15: Market Dynamics and Opportunities in Decommissi... | E15: Market Dynamics and Opportunities in Decommissioning in Brazil | Offshore Technology Conference Brasil | OnePetro | H15: https://onepetro.org/OTCBRASIL/proceedings-abstract/25OTCB/25OTCB/792308 | I15: Brasil | J15: Geral offshore | K15: 3 | L15: Ligação direta com descomissionamento offshore e com o recorte técnico/regulatório do capítulo. | M15: Recurso web / metadado incompleto | N15: CT | O15: Muito útil para o contexto brasileiro. Cadastro do RIS incompleto; convém completar autores, ano e veículo antes da versão final. | P15: =IF(OR(B15="ELEC",H15=""),"Sim","Não") -> Sim | Q15: =IF(K15=3,"Alta",IF(K15=2,"Média","Baixa")) -> Alta
A16: 12 | B16: ELEC | D16: Enhancing Sustainability Using Multi-Criteria D... | E16: Enhancing Sustainability Using Multi-Criteria Decision Making in Subsea Decommissioning | OTC Offshore Technology Conference | OnePetro | H16: https://onepetro.org/OTCONF/proceedings-abstract/24OTC/3-24OTC/D031S039R001/544853 | I16: Internacional / não explícito | J16: Ativos subsea | K16: 3 | L16: Ligação direta com descomissionamento offshore e com o recorte técnico/regulatório do capítulo. | M16: Recurso web / metadado incompleto | N16: M | O16: Ajuda bastante na parte de ativos subsea. Útil para método ou matriz decisória. Cadastro do RIS incompleto; convém completar autores, ano e veículo antes da versão final. | P16: =IF(OR(B16="ELEC",H16=""),"Sim","Não") -> Sim | Q16: =IF(K16=3,"Alta",IF(K16=2,"Média","Baixa")) -> Alta
A17: 13 | B17: ELEC | D17: Decommissioning of Subsea Facilities | Springer... | E17: Decommissioning of Subsea Facilities | Springer Nature Link | H17: https://link.springer.com/rwe/10.1007/978-981-10-6946-8_169 | I17: Internacional / não explícito | J17: Ativos subsea | K17: 3 | L17: Ligação direta com descomissionamento offshore e com o recorte técnico/regulatório do capítulo. | M17: Recurso web / metadado incompleto | N17: CT | O17: Ajuda bastante na parte de ativos subsea. Cadastro do RIS incompleto; convém completar autores, ano e veículo antes da versão final. | P17: =IF(OR(B17="ELEC",H17=""),"Sim","Não") -> Sim | Q17: =IF(K17=3,"Alta",IF(K17=2,"Média","Baixa")) -> Alta
A18: 14 | B18: ELEC | D18: ANALYSING THE LEGAL AND REGULATORY FRAMEWORK FO... | E18: ANALYSING THE LEGAL AND REGULATORY FRAMEWORK FOR DECOMMISSIONING OFFSHORE PLATFORMS: A COMPARISON BETWEEN BRAZIL (BR) AND THE UNITED KINGDOM (UK) - ProQuest | H18: https://www.proquest.com/openview/d23ebf3711d4d75a601eda81955810a1/1?pq-origsite=gscholar&cbl=2031968 | I18: Brasil | J18: Plataformas / instalações offshore | K18: 3 | L18: Ligação direta com descomissionamento offshore e com o recorte técnico/regulatório do capítulo. | M18: Recurso web / metadado incompleto | N18: CR / D | O18: Muito útil para o contexto brasileiro. Bom candidato para comparação regulatória. Cadastro do RIS incompleto; convém completar autores, ano e veículo antes da versão final. | P18: =IF(OR(B18="ELEC",H18=""),"Sim","Não") -> Sim | Q18: =IF(K18=3,"Alta",IF(K18=2,"Média","Baixa")) -> Alta
A19: 15 | B19: ELEC | D19: A New Multi-Criteria Decision-Making Tool for S... | E19: A New Multi-Criteria Decision-Making Tool for Subsea Oil and Gas Asset Decommissioning | J. Offshore Mech. Arct. Eng. | ASME Digital Collection | H19: https://asmedigitalcollection.asme.org/offshoremechanics/article-abstract/147/5/051401/1210902/A-New-Multi-Criteria-Decision-Making-Tool-for | I19: Internacional / não explícito | J19: Ativos subsea | K19: 3 | L19: Ligação direta com descomissionamento offshore e com o recorte técnico/regulatório do capítulo. | M19: Recurso web / metadado incompleto | N19: M | O19: Ajuda bastante na parte de ativos subsea. Útil para método ou matriz decisória. Cadastro do RIS incompleto; convém completar autores, ano e veículo antes da versão final. | P19: =IF(OR(B19="ELEC",H19=""),"Sim","Não") -> Sim | Q19: =IF(K19=3,"Alta",IF(K19=2,"Média","Baixa")) -> Alta
A20: 16 | B20: JOUR | C20: 2021 | D20: Fam et al. (2021) | E20: Data learning and expert judgment in a Bayesian belief network for aiding human reliability assessment in offshore decommissioning risk assessment | F20: Fam, Mei Ling; Konovessis, Dimitrios; He, XuHong; Ong, Lin Seng | G20: Journal of Ocean Engineering and Science | H20: https://doi.org/10.1016/j.joes.2020.09.001 | I20: Internacional / não explícito | J20: Geral offshore | K20: 2 | L20: Relevante para descomissionamento offshore, mas sem aderência total ao recorte específico. | M20: Artigo | N20: M | O20: Pode apoiar discussão de risco e confiabilidade humana. | P20: =IF(OR(B20="ELEC",H20=""),"Sim","Não") -> Não | Q20: =IF(K20=3,"Alta",IF(K20=2,"Média","Baixa")) -> Média

Sheet Resumo
A1: Resumo da triagem
A2: Métrica | B2: Valor | C2: Leitura
A3: Total de registros | B3: =COUNTA(Biblioteca_R1_R4!A:A)-3 -> 21 | C3: Todos os itens extraídos do .ris
A4: Prioridade alta | B4: =COUNTIF(Biblioteca_R1_R4!Q:Q,"Alta") -> 15 | C4: Núcleo provável do capítulo
A5: Prioridade média | B5: =COUNTIF(Biblioteca_R1_R4!Q:Q,"Média") -> 1 | C5: Apoio analítico/comparativo
A6: Prioridade baixa | B6: =COUNTIF(Biblioteca_R1_R4!Q:Q,"Baixa") -> 5 | C6: Periféricos ao recorte
A7: Cadastros a conferir | B7: =COUNTIF(Biblioteca_R1_R4!P:P,"Sim") -> 9 | C7: Registros web/proxy ou metadados incompletos
A9: Nota | B9: Vários registros do RIS vieram como páginas web (ELEC) ou páginas intermediárias. Eles foram mantidos na planilha, mas marcados para conferência.
A10: Sugestão | B10: Para versão final da revisão, vale normalizar autores, ano, veículo e DOI especialmente nos itens marcados com 'Conferir cadastro? = Sim'.

Sheet Legenda
A1: Legenda R1–R4
A3: Campo | B3: Valor | C3: Significado | D3: Uso típico no capítulo
A4: R1 | B4: 3 | C4: Alta aderência | D4: Núcleo da revisão; ler e citar primeiro
A5: R1 | B5: 2 | C5: Aderência parcial | D5: Apoio, comparação, método ou contexto
A6: R1 | B6: 1 | C6: Periférico | D6: Só entra se agregar uma analogia ou contexto lateral
A7: R2 | B7: Artigo / Revisão / Capítulo / Conferência / Dissertação / Recurso web | C7: Tipo de evidência | D7: Ajuda a decidir peso bibliográfico
A8: R4 | B8: CR / D | C8: Comparação regulatória / definição | D8: Brasil, Reino Unido, enquadramento normativo
A9: R4 | B9: M | C9: Método | D9: MCDA, risco, LCA, ferramentas decisórias
A10: R4 | B10: EA / CT | C10: Evidência ambiental / contexto teórico | D10: Sustentabilidade, bentos, trade-offs, estado da arte
A11: R4 | B11: D / CT | C11: Definição / contexto teórico | D11: Capítulos introdutórios e enciclopédicos
